Domain,Status,Attractiveness,Demand,Length,Sectors,Created,Expires,Registrar
one.supplies,available,132,44%,3,"Business,General,Media,Technology",,,
brief.supplies,available,124,19%,5,"Business,Education,General,Law",,,
complete.supplies,available,120,21%,8,"Manufacturing,Retail,Technology",,,
second.supplies,available,120,23%,6,"General,Mathematics",,,
equal.supplies,available,116,19%,5,"Education,General,Law",,,
tenth.supplies,available,116,7%,5,Mathematics,,,
flat.supplies,available,116,24%,4,"Construction,Real Estate",,,
tonic.supplies,available,114,22%,5,"Health and Fitness,Medicine,Science",,,
above.supplies,available,112,22%,5,Business,,,
acute.supplies,available,112,9%,5,"Mathematics,Medicine,Science",,,
hotshot.supplies,available,112,14%,7,"Business,Entertainment,Sports",,,
abstract.supplies,available,108,29%,8,"Arts,Humanities,Science",,,
abiding.supplies,available,106,5%,7,"General,Religion",,,
teen.supplies,available,104,14%,4,"Education,Entertainment,Healthcare",,,
expert.supplies,available,104,26%,6,"Business,Education,Technology",,,
active.supplies,available,104,27%,6,"Health and Fitness,Sports,Travel",,,
captive.supplies,available,102,14%,7,"Entertainment,Hospitality,Technology",,,
absent.supplies,available,102,8%,6,"Business,Education,Technology",,,
whiz.supplies,available,100,12%,4,"Business,Education,Technology",,,
sixth.supplies,available,100,8%,5,Mathematics,,,
eighth.supplies,available,100,6%,6,Mathematics,,,
crack.supplies,available,100,20%,5,Sports,,,
adjunct.supplies,available,100,5%,7,Education,,,
ninth.supplies,available,100,9%,5,Mathematics,,,
abrupt.supplies,available,100,3%,6,"Medicine,Science",,,
third.supplies,available,100,16%,5,Mathematics,,,
remove.supplies,available,100,13%,6,"Construction,Manufacturing,Technology",,,
whizz.supplies,available,98,11%,5,"Business,Education,Technology",,,
genius.supplies,available,98,46%,6,"Arts,Education,Technology",,,
actual.supplies,available,96,22%,6,"Real Estate,Retail,Technology",,,
alamode.supplies,available,96,12%,9,Fashion,,,
academic.supplies,available,96,20%,8,"Education,Humanities,Science",,,
doable.supplies,available,96,9%,6,"Business,Education,Technology",,,
forgiving.supplies,available,96,3%,9,"Healthcare,Religion",,,
about.supplies,available,94,28%,5,"Business,General,Media,Technology",,,
abject.supplies,available,94,7%,6,Humanities,,,
around.supplies,available,94,22%,6,"Business,General,Media,Technology",,,
virtuoso.supplies,available,94,16%,8,"Arts,Entertainment",,,
adequate.supplies,available,94,9%,8,"Education,Healthcare,Technology",,,
nought.supplies,available,92,4%,6,Mathematics,,,
neutral.supplies,available,92,20%,7,"Business,Media,Politics",,,
exemplary.supplies,available,92,5%,9,"Business,Education,Healthcare",,,
next.supplies,available,92,43%,4,"Retail,Technology,Transportation",,,
adjective.supplies,available,92,5%,9,Education,,,
twentieth.supplies,available,92,3%,9,Mathematics,,,
derelict.supplies,available,92,7%,8,"Construction,Real Estate",,,
abroad.supplies,available,92,12%,6,"Hospitality,Travel",,,
adept.supplies,available,92,24%,5,"Education,Health and Fitness,Sports",,,
leash.supplies,available,90,7%,5,"General,Health and Fitness,Retail",,,
adoring.supplies,available,90,2%,7,"Entertainment,Fashion,Retail",,,
riveting.supplies,available,90,6%,8,"Entertainment,Media,Technology",,,
addictive.supplies,available,90,9%,9,Healthcare,,,
abortive.supplies,available,90,1%,8,"Medicine,Science",,,
additional.supplies,available,90,8%,10,"Fashion,Retail,Technology",,,
gripping.supplies,available,90,3%,8,"Entertainment,Media,Technology",,,
endearing.supplies,available,90,1%,9,"Entertainment,Fashion,Retail",,,
clear.supplies,expiring,90,47%,5,"Manufacturing,Retail,Technology",09/09/2020 21:37,09/09/2025 21:37,Squarespace Domains II LLC
sixteen.supplies,available,88,11%,7,Mathematics,,,
actionable.supplies,available,88,13%,10,"Business,Law",,,
twelve.supplies,available,88,18%,6,"General,Mathematics",,,
ace.supplies,available,88,34%,3,Sports,,,
three.supplies,available,88,24%,5,Mathematics,,,
adlib.supplies,available,88,7%,6,Entertainment,,,
hundred.supplies,available,88,14%,7,Mathematics,,,
eleven.supplies,available,88,33%,6,Mathematics,,,
wide.supplies,available,88,18%,4,"Business,Media,Technology",,,
proficient.supplies,available,88,8%,10,"Education,Health and Fitness,Sports",,,
ten.supplies,available,88,28%,3,"General,Mathematics",,,
activist.supplies,available,88,12%,8,"Humanities,Politics",,,
fifteen.supplies,available,88,13%,7,Mathematics,,,
attendant.supplies,available,86,5%,9,"Healthcare,Hospitality,Transportation",,,
extempore.supplies,available,86,3%,9,Entertainment,,,
xix.supplies,available,86,11%,3,Mathematics,,,
star.supplies,available,86,40%,4,"Entertainment,Media,Sports",,,
recondite.supplies,available,86,4%,9,"Arts,Humanities,Science",,,
xiv.supplies,available,86,12%,3,Mathematics,,,
cipher.supplies,available,86,29%,6,Mathematics,,,
engrossing.supplies,available,86,0%,10,"Entertainment,Media,Technology",,,
intent.supplies,available,86,25%,6,"Business,Education,Technology",,,
adolescent.supplies,available,86,3%,10,"Education,Entertainment,Healthcare",,,
fourteen.supplies,available,84,8%,8,Mathematics,,,
twentyone.supplies,available,84,13%,10,Mathematics,,,
accessory.supplies,available,84,8%,9,"Fashion,Retail,Technology",,,
seventeen.supplies,available,84,7%,9,Mathematics,,,
twentytwo.supplies,available,84,11%,10,Mathematics,,,
acting.supplies,available,84,12%,6,Entertainment,,,
nineteen.supplies,available,84,8%,8,Mathematics,,,
deviate.supplies,available,84,12%,7,"Medicine,Science",,,
thousand.supplies,available,84,8%,8,Mathematics,,,
thirteen.supplies,available,84,10%,8,Mathematics,,,
adjustable.supplies,available,84,3%,10,"Manufacturing,Retail,Technology",,,
grand.supplies,available,84,25%,5,"Finance,General",,,
abroach.supplies,available,82,1%,7,Food and Beverage,,,
absorbent.supplies,available,82,3%,9,"Healthcare,Manufacturing,Retail",,,
altered.supplies,available,82,9%,7,"Medicine,Science",,,
impromptu.supplies,available,82,16%,9,Entertainment,,,
abenaki.supplies,available,82,2%,7,Geography,,,
fivesome.supplies,available,82,1%,8,Sports,,,
enduring.supplies,available,82,9%,8,"Health and Fitness,Religion",,,
decade.supplies,available,82,10%,6,Mathematics,,,
abkhaz.supplies,available,82,1%,6,Geography,,,
dozen.supplies,available,82,10%,5,Mathematics,,,
abdominal.supplies,available,82,1%,9,"Health and Fitness,Medicine",,,
cleansing.supplies,available,82,3%,9,Health and Fitness,,,
nine.supplies,available,80,24%,4,"General,Mathematics",,,
capable.supplies,available,80,12%,7,"Business,Education,Technology",,,
absurd.supplies,available,80,16%,6,"Arts,Entertainment,Media",,,
twenty.supplies,available,80,12%,6,Mathematics,,,
superstar.supplies,available,80,18%,9,Entertainment,,,
sequent.supplies,available,80,7%,7,"Healthcare,Insurance,Transportation",,,
two.supplies,available,80,24%,3,Mathematics,,,
seventh.supplies,available,80,10%,7,Mathematics,,,
first.supplies,available,80,36%,5,"General,Mathematics",,,
wiz.supplies,available,80,30%,3,"Business,Education,Technology",,,
worshipful.supplies,available,80,1%,10,"Education,Healthcare,Religion",,,
abundant.supplies,available,80,19%,8,"Agriculture,Manufacturing,Retail",,,
trio.supplies,available,80,21%,4,Entertainment,,,
adoptable.supplies,available,80,3%,9,"Education,Healthcare",,,
some.supplies,available,80,32%,4,"Business,Media,Retail",,,
yard.supplies,available,80,26%,4,"Construction,General",,,
forty.supplies,available,80,9%,5,Mathematics,,,
dorsal.supplies,available,80,6%,6,"Medicine,Science",,,
absolute.supplies,available,80,25%,8,"Engineering,Mathematics,Science",,,
able.supplies,available,80,29%,4,"Business,Education,General,Technology",,,
absorbable.supplies,available,80,0%,10,"Healthcare,Pharmaceuticals,Science",,,
recognised.supplies,available,78,3%,10,"Business,Education,Technology",,,
twentysix.supplies,available,78,8%,10,Mathematics,,,
abkhasian.supplies,available,78,1%,9,Geography,,,
adjacent.supplies,available,78,9%,8,"Construction,Real Estate,Retail",,,
abounding.supplies,available,78,2%,9,Agriculture,,,
sixtynine.supplies,available,78,8%,10,Mathematics,,,
abkhazian.supplies,available,78,1%,9,Geography,,,
adrenal.supplies,available,78,4%,7,"Education,Healthcare,Science",,,
dormant.supplies,available,78,4%,7,"Medicine,Science",,,
accidental.supplies,available,78,11%,10,"Healthcare,Insurance,Transportation",,,
absorptive.supplies,available,78,1%,10,"Healthcare,Manufacturing,Retail",,,
acceptant.supplies,available,78,1%,9,"Education,Healthcare",,,
athletic.supplies,available,78,15%,8,"Health and Fitness,Sports",,,
recognized.supplies,available,78,3%,10,"Business,Education,Technology",,,
accepted.supplies,available,78,6%,8,"Business,Education,Technology",,,
accessible.supplies,available,78,21%,10,"Healthcare,Retail,Technology",,,
adorable.supplies,available,78,8%,8,"Entertainment,Fashion,Retail",,,
acceptable.supplies,available,78,5%,10,"Business,Hospitality,Retail",,,
accurate.supplies,available,78,16%,8,"Engineering,Mathematics,Science",,,
low.supplies,available,78,20%,3,"Business,Finance",,,
honestly.supplies,available,78,9%,8,"Business,Law",,,
ventral.supplies,available,76,3%,7,Science,,,
fourteenth.supplies,available,76,1%,10,Mathematics,,,
auxiliary.supplies,available,76,7%,9,"Healthcare,Manufacturing,Technology",,,
ancillary.supplies,available,76,6%,9,"Healthcare,Manufacturing,Technology",,,
thousandth.supplies,available,76,1%,10,Mathematics,,,
adhesive.supplies,available,76,7%,8,"Construction,Manufacturing,Technology",,,
threed.supplies,available,76,7%,7,Technology,,,
adipose.supplies,available,76,2%,7,"Healthcare,Science",,,
addable.supplies,available,76,2%,7,"Engineering,Mathematics,Science",,,
adherent.supplies,available,76,4%,8,"Politics,Religion",,,
improvise.supplies,available,76,4%,9,Entertainment,,,
firstrate.supplies,available,76,6%,10,Business,,,
energizing.supplies,available,76,3%,10,"Food and Beverage,Health and Fitness,Travel",,,
incidental.supplies,available,76,4%,10,"Healthcare,Insurance,Transportation",,,
ague.supplies,available,76,2%,4,"Geography,Medicine,Science",,,
diamond.supplies,available,76,32%,7,Fashion,,,
hundredth.supplies,available,76,1%,9,Mathematics,,,
adaptable.supplies,available,76,9%,9,"Business,Education,Technology",,,
thirteenth.supplies,available,76,4%,10,Mathematics,,,
resultant.supplies,available,76,2%,9,"Healthcare,Insurance,Transportation",,,
fifteenth.supplies,available,76,2%,9,Mathematics,,,
nineteenth.supplies,available,76,3%,10,Mathematics,,,
eighteen.supplies,available,76,7%,8,Mathematics,,,
adaptive.supplies,available,76,28%,8,"Business,Education,Technology",,,
obscene.supplies,available,76,5%,7,"Entertainment,Media",,,
supra.supplies,available,74,25%,5,"Medicine,Science",,,
aberrant.supplies,available,74,6%,8,"Medicine,Science",,,
achievable.supplies,available,74,4%,10,"Business,Education,Technology",,,
cleared.supplies,available,74,7%,7,"Healthcare,Law,Transportation",,,
manageable.supplies,available,74,4%,10,"Business,Education,Technology",,,
adamant.supplies,available,74,14%,7,Religion,,,
mavin.supplies,available,74,7%,5,"Entertainment,Fashion,Technology",,,
adrenergic.supplies,available,74,1%,10,"Education,Healthcare,Science",,,
adenoid.supplies,available,74,1%,7,"Health and Fitness,Medicine,Science",,,
single.supplies,available,74,19%,6,Sports,,,
skilful.supplies,available,74,3%,7,"Education,Health and Fitness,Sports",,,
admirable.supplies,available,74,5%,9,"Business,Education,Healthcare",,,
broad.supplies,available,74,13%,5,"Entertainment,General,Media",,,
playing.supplies,available,74,12%,7,Entertainment,,,
realizable.supplies,available,74,1%,10,"Business,Education,Technology",,,
activated.supplies,available,74,9%,9,"Healthcare,Manufacturing,Technology",,,
accepting.supplies,available,74,3%,9,"Education,Healthcare",,,
acuate.supplies,available,74,2%,6,"Engineering,Medicine,Science",,,
sensation.supplies,available,74,7%,9,"Entertainment,Media,Sports",,,
adapted.supplies,available,74,6%,7,"Healthcare,Manufacturing,Technology",,,
abnormal.supplies,available,74,16%,8,"Medicine,Science",,,
ablaze.supplies,available,72,6%,6,Entertainment,,,
champion.supplies,available,72,28%,8,"Entertainment,Health and Fitness,Sports",,,
ninetieth.supplies,available,72,1%,9,Mathematics,,,
accusative.supplies,available,72,0%,10,"Humanities,Law",,,
existent.supplies,available,72,3%,8,"Mathematics,Science",,,
lovely.supplies,available,72,26%,6,"Entertainment,Fashion,Retail",,,
adonic.supplies,available,72,2%,6,"Arts,Education,Entertainment",,,
adiabatic.supplies,available,72,3%,9,"Engineering,Science",,,
trinity.supplies,available,72,18%,7,Religion,,,
ternary.supplies,available,72,7%,7,Mathematics,,,
sixtieth.supplies,available,72,1%,8,Mathematics,,,
improvize.supplies,available,72,1%,9,Entertainment,,,
adaptative.supplies,available,72,1%,10,"Business,Education,Technology",,,
accustomed.supplies,available,72,1%,10,"Business,Education,Humanities",,,
adjectival.supplies,available,72,1%,10,Education,,,
abloom.supplies,available,72,5%,6,Agriculture,,,
liv.supplies,available,72,27%,3,Mathematics,,,
engrossed.supplies,available,72,1%,9,"Entertainment,Media,Technology",,,
addicted.supplies,available,72,9%,8,Healthcare,,,
absorbed.supplies,available,72,2%,8,"Entertainment,Media,Technology",,,
trey.supplies,available,72,14%,4,Sports,,,
adjunctive.supplies,available,72,1%,10,"Healthcare,Manufacturing,Technology",,,
abreast.supplies,available,72,2%,7,"Business,Technology",,,
seventieth.supplies,available,72,1%,10,Mathematics,,,
eightieth.supplies,available,72,1%,9,Mathematics,,,
aching.supplies,available,72,4%,6,Healthcare,,,
absolutist.supplies,available,72,1%,10,"Humanities,Law,Politics",,,
consequent.supplies,available,70,3%,10,"Business,Education,General,Technology",,,
abradant.supplies,available,70,1%,8,"Construction,Manufacturing",,,
gymnastic.supplies,available,70,3%,9,"Entertainment,Sports",,,
adamantine.supplies,available,70,4%,10,Religion,,,
offhand.supplies,available,70,2%,7,Entertainment,,,
adored.supplies,available,70,6%,6,"Entertainment,Fashion,Retail",,,
skillful.supplies,available,70,9%,8,"Education,Health and Fitness,Sports",,,
abulic.supplies,available,70,1%,6,Medicine,,,
adjusted.supplies,available,70,5%,8,"Manufacturing,Retail,Technology",,,
practiced.supplies,available,70,3%,9,"Education,Health and Fitness,Sports",,,
absorbing.supplies,available,70,3%,9,"Entertainment,Media,Technology",,,
accumbent.supplies,available,70,1%,9,"Healthcare,Medicine,Science",,,
miserable.supplies,available,70,4%,9,Humanities,,,
recumbent.supplies,available,70,2%,9,"Healthcare,Medicine,Science",,,
tiptop.supplies,available,70,24%,6,Fashion,,,
stillborn.supplies,available,70,2%,9,"Medicine,Science",,,
lowdown.supplies,available,70,6%,8,"Entertainment,Media",,,
admired.supplies,available,70,5%,7,"Business,Education,Healthcare",,,
acuminate.supplies,available,70,1%,9,"Engineering,Medicine,Science",,,
decorated.supplies,available,68,3%,9,"Entertainment,Fashion,Retail",,,
ane.supplies,available,68,12%,3,Mathematics,,,
foursome.supplies,available,68,4%,8,Sports,,,
aroused.supplies,available,68,3%,7,"Entertainment,Health and Fitness",,,
disciple.supplies,available,68,14%,8,"Education,Religion",,,
achaean.supplies,available,68,2%,7,Humanities,,,
sevener.supplies,available,68,1%,7,Mathematics,,,
septenary.supplies,available,68,1%,9,Mathematics,,,
ennead.supplies,available,68,5%,6,Mathematics,,,
aberdonian.supplies,available,68,1%,10,Geography,,,
ablative.supplies,available,68,3%,8,Science,,,
threesome.supplies,available,68,5%,9,Entertainment,,,
thirtieth.supplies,available,68,1%,9,Mathematics,,,
licenced.supplies,available,68,2%,8,"Business,Healthcare,Insurance",,,
fiftieth.supplies,available,68,0%,8,Mathematics,,,
achaian.supplies,available,68,2%,7,Humanities,,,
activating.supplies,available,68,3%,10,"Healthcare,Manufacturing,Technology",,,
stygian.supplies,available,68,5%,7,Humanities,,,
vindicated.supplies,available,68,2%,10,"Humanities,Law,Politics",,,
aculeate.supplies,available,68,1%,8,"Engineering,Medicine,Science",,,
licensed.supplies,available,68,5%,8,"Business,Healthcare,Insurance",,,
accredited.supplies,available,68,9%,10,"Business,Education,Healthcare",,,
fortieth.supplies,available,68,0%,8,Mathematics,,,
abnaki.supplies,available,68,1%,6,Geography,,,
acerate.supplies,available,68,1%,7,Science,,,
abkhas.supplies,available,68,0%,6,Geography,,,
abducent.supplies,available,68,0%,8,Medicine,,,
octonary.supplies,available,68,1%,8,Mathematics,,,
scurvy.supplies,available,68,3%,6,Humanities,,,
overseas.supplies,available,68,12%,8,"Hospitality,Travel",,,
eighty.supplies,available,66,6%,6,Mathematics,,,
according.supplies,available,66,3%,9,"Business,Education,Technology",,,
six.supplies,available,66,26%,3,Mathematics,,,
ninety.supplies,available,66,11%,6,Mathematics,,,
xviii.supplies,available,66,5%,5,Mathematics,,,
acappella.supplies,available,66,6%,10,Entertainment,,,
xvii.supplies,available,66,5%,4,Mathematics,,,
thirty.supplies,available,66,8%,6,Mathematics,,,
modish.supplies,available,66,5%,6,Fashion,,,
sextet.supplies,available,66,1%,6,Entertainment,,,
xiii.supplies,available,66,9%,4,Mathematics,,,
abstinent.supplies,available,66,1%,9,"Health and Fitness,Religion",,,
century.supplies,available,66,17%,7,Education,,,
xxii.supplies,available,66,6%,4,Mathematics,,,
exonerated.supplies,available,66,2%,10,"Humanities,Law,Politics",,,
adopted.supplies,available,66,4%,7,"Education,Healthcare",,,
buzzing.supplies,available,66,7%,7,"Entertainment,Media,Technology",,,
xxi.supplies,available,66,10%,3,Mathematics,,,
tenner.supplies,available,66,5%,6,Finance,,,
xvi.supplies,available,66,5%,3,Mathematics,,,
acrobatic.supplies,available,66,4%,9,"Entertainment,Sports",,,
four.supplies,available,66,27%,4,Mathematics,,,
adorned.supplies,available,66,5%,7,"Entertainment,Fashion,Retail",,,
teenager.supplies,available,66,4%,8,"Education,Entertainment,Healthcare",,,
accessary.supplies,available,66,1%,9,"Business,Law,Technology",,,
onec.supplies,available,66,6%,5,Mathematics,,,
latest.supplies,available,66,18%,6,Technology,,,
fifty.supplies,available,66,12%,5,Mathematics,,,
maven.supplies,available,66,30%,5,"Entertainment,Fashion,Technology",,,
acervate.supplies,available,66,1%,8,Science,,,
xxvi.supplies,available,66,3%,4,Mathematics,,,
xxv.supplies,available,66,6%,3,Mathematics,,,
deuce.supplies,available,66,9%,5,Sports,,,
five.supplies,available,66,26%,4,Mathematics,,,
clv.supplies,available,66,10%,3,Mathematics,,,
xii.supplies,available,66,10%,3,Mathematics,,,
performing.supplies,available,66,6%,10,Entertainment,,,
accordant.supplies,available,64,3%,9,"Arts,Entertainment",,,
deviant.supplies,available,64,12%,7,"Medicine,Science",,,
acentric.supplies,available,64,2%,8,Science,,,
aflame.supplies,available,64,3%,6,Entertainment,,,
rising.supplies,available,64,18%,6,"Construction,Manufacturing,Real Estate",,,
nondrinker.supplies,available,64,1%,10,"Health and Fitness,Religion",,,
absolved.supplies,available,64,1%,8,"Humanities,Law,Religion",,,
ccc.supplies,available,64,38%,3,Mathematics,,,
astringent.supplies,available,64,1%,10,"Healthcare,Pharmaceuticals",,,
adagio.supplies,available,64,14%,6,Entertainment,,,
scatty.supplies,available,64,1%,6,"Arts,Entertainment,Media",,,
orso.supplies,available,62,9%,5,"Business,Media,Technology",,,
admissible.supplies,available,62,1%,10,"Education,Healthcare,Law",,,
accrued.supplies,available,62,2%,7,"Banking,Finance,Insurance",,,
aborigine.supplies,available,62,1%,9,Humanities,,,
cumulative.supplies,available,62,2%,10,"Banking,Finance,Insurance",,,
activation.supplies,available,62,16%,10,"Healthcare,Manufacturing,Technology",,,
quartet.supplies,available,62,7%,7,"Arts,Entertainment",,,
pungent.supplies,available,62,1%,7,Food and Beverage,,,
ensuant.supplies,available,62,1%,7,"Healthcare,Insurance,Transportation",,,
longdozen.supplies,available,62,2%,10,Mathematics,,,
wrapped.supplies,available,62,13%,7,"Fashion,Hospitality,Retail",,,
adoptive.supplies,available,62,1%,8,"Education,Healthcare",,,
accusing.supplies,available,62,1%,8,Law,,,
aufait.supplies,available,62,3%,7,"Fashion,Media",,,
abo.supplies,available,62,15%,3,Science,,,
activistic.supplies,available,62,1%,10,"Humanities,Politics",,,
playacting.supplies,available,62,1%,10,Entertainment,,,
exculpated.supplies,available,62,1%,10,"Humanities,Law,Politics",,,
twodozen.supplies,available,62,1%,9,Mathematics,,,
adjuvant.supplies,available,62,5%,8,"Healthcare,Manufacturing,Technology",,,
fortyfour.supplies,available,62,6%,10,Mathematics,,,
troika.supplies,available,62,8%,6,Politics,,,
sixteenth.supplies,available,62,1%,9,Mathematics,,,
eighteenth.supplies,available,62,1%,10,Mathematics,,,
roughly.supplies,available,62,3%,7,"Business,Media,Technology",,,
chiliad.supplies,available,62,2%,7,Mathematics,,,
acidic.supplies,available,62,5%,6,"Food and Beverage,Science",,,
eleventh.supplies,available,62,5%,8,Mathematics,,,
idolized.supplies,available,60,3%,8,"Entertainment,Fashion,Retail",,,
clx.supplies,available,60,10%,3,Mathematics,,,
clxv.supplies,available,60,1%,4,Mathematics,,,
thou.supplies,available,60,7%,4,Mathematics,,,
clxx.supplies,available,60,3%,4,Mathematics,,,
adnate.supplies,available,60,1%,6,"Agriculture,Manufacturing,Retail",,,
sixty.supplies,available,60,13%,5,Mathematics,,,
cautionary.supplies,available,60,1%,10,"Business,Education,Healthcare",,,
abashed.supplies,available,60,1%,7,Humanities,,,
clxxx.supplies,available,60,1%,5,Mathematics,,,
cxl.supplies,available,60,7%,3,Mathematics,,,
eightysix.supplies,available,60,7%,10,Mathematics,,,
xcl.supplies,available,60,5%,3,Mathematics,,,
paunchy.supplies,available,60,0%,7,"Health and Fitness,Medicine",,,
cxxx.supplies,available,60,4%,4,Mathematics,,,
tertiary.supplies,available,60,4%,8,Education,,,
aboveboard.supplies,available,60,5%,10,"Business,Law",,,
octet.supplies,available,60,12%,5,Arts,,,
cxv.supplies,available,60,4%,3,Mathematics,,,
adnexal.supplies,available,60,1%,7,"Agriculture,Manufacturing,Retail",,,
annexal.supplies,available,60,1%,7,"Agriculture,Manufacturing,Retail",,,
abstainer.supplies,available,60,0%,9,"Health and Fitness,Religion",,,
acceptive.supplies,available,60,1%,9,"Education,Healthcare",,,
abstemious.supplies,available,60,0%,10,"Food and Beverage,Health and Fitness,Hospitality",,,
cxx.supplies,available,60,10%,3,Mathematics,,,
cxlv.supplies,available,60,2%,4,Mathematics,,,
clxxv.supplies,available,60,1%,5,Mathematics,,,
cxxv.supplies,available,60,1%,4,Mathematics,,,
cxxxv.supplies,available,60,2%,5,Mathematics,,,
idolised.supplies,available,60,1%,8,"Entertainment,Fashion,Retail",,,
tercet.supplies,available,59,2%,6,"Arts,Entertainment,Media",,,
closeto.supplies,available,58,3%,8,"Business,Media,Technology",,,
accoutred.supplies,available,58,1%,9,"Fashion,Manufacturing,Retail",,,
sixer.supplies,available,58,5%,5,Sports,,,
lxxviii.supplies,available,58,1%,7,Mathematics,,,
adhoc.supplies,available,58,24%,6,"Business,Engineering,Technology",,,
ache.supplies,available,58,7%,4,Healthcare,,,
enwrapped.supplies,available,58,0%,9,"Entertainment,Fashion,Media",,,
accretive.supplies,available,58,6%,9,"Banking,Finance,Insurance",,,
alacarte.supplies,available,58,11%,10,Food and Beverage,,,
offhanded.supplies,available,58,1%,9,Entertainment,,,
centesimal.supplies,available,58,1%,10,Mathematics,,,
quintet.supplies,available,58,8%,7,"Arts,Entertainment",,,
super.supplies,available,58,47%,5,Business,,,
aucourant.supplies,available,58,3%,10,"Fashion,Media",,,
lxxx.supplies,available,58,2%,4,Mathematics,,,
adient.supplies,available,58,4%,6,"Medicine,Science",,,
abridged.supplies,available,58,4%,8,Media,,,
sixtyone.supplies,available,58,3%,9,Mathematics,,,
twelfth.supplies,available,58,2%,7,Mathematics,,,
tetrad.supplies,available,58,5%,6,Mathematics,,,
adjustive.supplies,available,58,1%,9,"Manufacturing,Retail,Technology",,,
seven.supplies,available,58,36%,5,Mathematics,,,
actuarial.supplies,available,58,8%,9,"Finance,Insurance,Mathematics",,,
fourth.supplies,available,58,13%,6,Mathematics,,,
addressed.supplies,available,58,3%,9,"Business,Technology,Telecommunications",,,
accented.supplies,available,58,3%,8,"Arts,Entertainment",,,
niner.supplies,available,58,5%,5,Mathematics,,,
acyclic.supplies,available,58,4%,7,"Engineering,Mathematics,Science",,,
octad.supplies,available,58,5%,5,Mathematics,,,
cypher.supplies,available,58,29%,6,Mathematics,,,
pentad.supplies,available,58,2%,6,Mathematics,,,
seventy.supplies,available,58,7%,7,Mathematics,,,
fifth.supplies,available,58,12%,5,Mathematics,,,
acetic.supplies,available,58,1%,6,"Food and Beverage,Science",,,
fourscore.supplies,available,58,4%,9,Mathematics,,,
linear.supplies,available,58,22%,6,"Engineering,Mathematics,Science",,,
abused.supplies,available,58,5%,6,"Healthcare,Law",,,
eighter.supplies,available,58,2%,7,Mathematics,,,
abandoned.supplies,available,58,10%,9,"Construction,Real Estate",,,
justabout.supplies,available,58,3%,10,"Business,Media,Technology",,,
sextuplet.supplies,available,58,1%,9,Healthcare,,,
addible.supplies,available,58,2%,7,"Engineering,Mathematics,Science",,,
heptad.supplies,available,58,1%,6,Mathematics,,,
hexad.supplies,available,58,4%,5,Mathematics,,,
abuzz.supplies,available,58,5%,5,"Entertainment,Media,Technology",,,
admittable.supplies,available,56,1%,10,"Education,Healthcare,Hospitality",,,
fiftyone.supplies,available,56,7%,9,Mathematics,,,
thirtyone.supplies,available,56,5%,10,Mathematics,,,
appressed.supplies,available,56,0%,9,"Agriculture,Manufacturing,Retail",,,
xliv.supplies,available,56,2%,4,Mathematics,,,
fiftysix.supplies,available,56,4%,9,Mathematics,,,
aone.supplies,available,56,15%,5,Food and Beverage,,,
xxviii.supplies,available,56,1%,6,Mathematics,,,
xxxi.supplies,available,56,9%,4,Mathematics,,,
accoutered.supplies,available,56,0%,10,"Fashion,Manufacturing,Retail",,,
potbellied.supplies,available,56,0%,10,"Health and Fitness,Medicine",,,
xxiv.supplies,available,56,5%,4,Mathematics,,,
admittible.supplies,available,56,1%,10,"Education,Healthcare,Hospitality",,,
thirtysix.supplies,available,56,5%,10,Mathematics,,,
terzetto.supplies,available,56,3%,8,Arts,,,
xlvi.supplies,available,56,3%,4,Mathematics,,,
abdominous.supplies,available,56,0%,10,"Health and Fitness,Medicine",,,
fortysix.supplies,available,56,3%,9,Mathematics,,,
fiftyfive.supplies,available,56,7%,10,Mathematics,,,
xxxv.supplies,available,56,4%,4,Mathematics,,,
xxxiii.supplies,available,56,2%,6,Mathematics,,,
xxxvi.supplies,available,56,1%,5,Mathematics,,,
xlii.supplies,available,56,5%,4,Mathematics,,,
lvii.supplies,available,56,1%,4,Mathematics,,,
xxxviii.supplies,available,56,1%,7,Mathematics,,,
xlv.supplies,available,56,6%,3,Mathematics,,,
xxxiv.supplies,available,56,1%,5,Mathematics,,,
lii.supplies,available,56,7%,3,Mathematics,,,
xxix.supplies,available,56,4%,4,Mathematics,,,
admissive.supplies,available,56,1%,9,"Education,Healthcare,Hospitality",,,
addled.supplies,available,56,2%,6,Entertainment,,,
liii.supplies,available,56,4%,4,Mathematics,,,
abeyant.supplies,available,56,1%,7,"Business,Law",,,
thirtytwo.supplies,available,56,5%,10,Mathematics,,,
fortynine.supplies,available,56,3%,10,Mathematics,,,
fortytwo.supplies,available,56,17%,9,Mathematics,,,
xlviii.supplies,available,56,1%,6,Mathematics,,,
maledict.supplies,available,56,1%,8,Religion,,,
xxiii.supplies,available,56,5%,5,Mathematics,,,
xliii.supplies,available,56,1%,5,Mathematics,,,
xlvii.supplies,available,56,2%,5,Mathematics,,,
fiftytwo.supplies,available,56,6%,9,Mathematics,,,
xxvii.supplies,available,56,3%,5,Mathematics,,,
fiftyfour.supplies,available,56,3%,10,Mathematics,,,
xli.supplies,available,56,5%,3,Mathematics,,,
xxxii.supplies,available,56,1%,5,Mathematics,,,
lviii.supplies,available,56,1%,5,Mathematics,,,
lvi.supplies,available,56,8%,3,Mathematics,,,
fortyone.supplies,available,56,4%,9,Mathematics,,,
fiftynine.supplies,available,56,4%,10,Mathematics,,,
halfdozen.supplies,available,56,1%,10,Mathematics,,,
xxxvii.supplies,available,56,2%,6,Mathematics,,,
triad.supplies,available,56,15%,5,Arts,,,
ilx.supplies,available,56,5%,3,Mathematics,,,
adjuratory.supplies,available,54,0%,10,"Law,Politics,Religion",,,
abasic.supplies,available,54,1%,6,Science,,,
abhorrent.supplies,available,54,1%,9,Humanities,,,
deserted.supplies,available,54,3%,8,"Hospitality,Real Estate",,,
deuceace.supplies,available,54,2%,9,Sports,,,
abaxial.supplies,available,54,1%,7,Science,,,
quaternion.supplies,available,54,6%,10,Mathematics,,,
vii.supplies,available,54,13%,3,Mathematics,,,
monitory.supplies,available,54,3%,8,"Business,Education,Healthcare",,,
unnatural.supplies,available,54,4%,9,"Medicine,Science",,,
sise.supplies,available,54,5%,4,Mathematics,,,
scratchy.supplies,available,54,3%,8,Fashion,,,
achromatic.supplies,available,54,4%,10,Science,,,
actuated.supplies,available,54,2%,8,"Automotive,Manufacturing,Technology",,,
adductive.supplies,available,54,0%,9,"Engineering,Mathematics,Science",,,
admonitory.supplies,available,54,0%,10,"Business,Education,Healthcare",,,
achy.supplies,available,54,3%,4,Healthcare,,,
quadruplet.supplies,available,54,1%,10,"Healthcare,Medicine,Science",,,
twoscore.supplies,available,54,2%,8,Mathematics,,,
adaxial.supplies,available,54,2%,7,Science,,,
adpressed.supplies,available,54,0%,9,"Agriculture,Manufacturing,Retail",,,
iii.supplies,available,54,24%,3,Mathematics,,,
adducent.supplies,available,54,1%,8,"Engineering,Mathematics,Science",,,
fin.supplies,available,54,30%,3,Finance,,,
viii.supplies,available,54,6%,4,Mathematics,,,
abducens.supplies,available,54,1%,8,Medicine,,,
abient.supplies,available,54,1%,6,Science,,,
threescore.supplies,available,54,1%,10,Mathematics,,,
ternion.supplies,available,54,3%,7,Mathematics,,,
abatic.supplies,available,54,1%,6,Science,,,
quintuplet.supplies,available,54,1%,10,"Healthcare,Medicine,Science",,,
quatern.supplies,available,54,2%,7,Mathematics,,,
accentual.supplies,available,54,3%,9,"Arts,Entertainment",,,
adducting.supplies,available,54,1%,9,"Engineering,Mathematics,Science",,,
quaternity.supplies,available,54,4%,10,Mathematics,,,
abatable.supplies,available,54,1%,8,Law,,,
topnotch.supplies,available,54,18%,8,Business,,,
aboral.supplies,available,54,2%,6,Science,,,
accursed.supplies,available,54,3%,8,"Entertainment,Media,Religion",,,
fortyfive.supplies,available,54,4%,10,Mathematics,,,
septet.supplies,available,53,1%,6,General,,,
xxx.supplies,available,53,30%,3,"Arts,Entertainment,Media",,,
sestet.supplies,available,53,1%,6,Arts,,,
lxxxvi.supplies,available,52,1%,6,Mathematics,,,
xcvi.supplies,available,52,2%,4,Mathematics,,,
sixtytwo.supplies,available,52,3%,9,Mathematics,,,
lxxxii.supplies,available,52,1%,6,Mathematics,,,
abstruse.supplies,available,52,5%,8,"Humanities,Mathematics,Science",,,
ablated.supplies,available,52,1%,7,Science,,,
xciv.supplies,available,52,2%,4,Mathematics,,,
decumbent.supplies,available,52,1%,9,"Healthcare,Medicine,Science",,,
lxxiii.supplies,available,52,1%,6,Mathematics,,,
ixl.supplies,available,52,9%,3,Mathematics,,,
lxiii.supplies,available,52,2%,5,Mathematics,,,
eightyone.supplies,available,52,3%,10,Mathematics,,,
lxxiv.supplies,available,52,1%,5,Mathematics,,,
repugnant.supplies,available,52,1%,9,Humanities,,,
lxvii.supplies,available,52,1%,5,Mathematics,,,
ixc.supplies,available,52,5%,3,Mathematics,,,
lxviii.supplies,available,52,1%,6,Mathematics,,,
lxxii.supplies,available,52,1%,5,Mathematics,,,
xcviii.supplies,available,52,1%,6,Mathematics,,,
lxvi.supplies,available,52,3%,4,Mathematics,,,
ninetytwo.supplies,available,52,4%,10,Mathematics,,,
littlejoe.supplies,available,52,2%,10,"Entertainment,Media",,,
sixtyfour.supplies,available,52,3%,10,Mathematics,,,
lxxvi.supplies,available,52,1%,5,Mathematics,,,
lxxvii.supplies,available,52,2%,6,Mathematics,,,
lxxv.supplies,available,52,1%,4,Mathematics,,,
xcv.supplies,available,52,7%,3,Mathematics,,,
ninetyone.supplies,available,52,5%,10,Mathematics,,,
xcvii.supplies,available,52,1%,5,Mathematics,,,
sixtysix.supplies,available,52,4%,9,Mathematics,,,
xcii.supplies,available,52,2%,4,Mathematics,,,
lxxxiv.supplies,available,52,1%,6,Mathematics,,,
detestable.supplies,available,52,1%,10,Humanities,,,
aboulic.supplies,available,52,1%,7,Medicine,,,
uphill.supplies,available,52,7%,6,"Sports,Transportation,Travel",,,
abusive.supplies,available,52,3%,7,"Healthcare,Law",,,
abominable.supplies,available,52,2%,10,"Entertainment,Humanities",,,
sixtyfive.supplies,available,52,3%,10,Mathematics,,,
lxiv.supplies,available,52,3%,4,Mathematics,,,
abysmal.supplies,available,52,4%,7,"Arts,Entertainment,Media",,,
adenoidal.supplies,available,52,1%,9,"Health and Fitness,Medicine,Science",,,
xciii.supplies,available,52,1%,5,Mathematics,,,
lxxxi.supplies,available,52,1%,5,Mathematics,,,
eightytwo.supplies,available,52,4%,10,Mathematics,,,
xci.supplies,available,52,4%,3,Mathematics,,,
lxv.supplies,available,52,5%,3,Mathematics,,,
repulsive.supplies,available,52,1%,9,Humanities,,,
lxxxvii.supplies,available,52,1%,7,Mathematics,,,
lxxxv.supplies,available,52,1%,5,Mathematics,,,
lxxxiii.supplies,available,52,1%,7,Mathematics,,,
chagrined.supplies,available,52,1%,9,Humanities,,,
lxii.supplies,available,52,1%,4,Mathematics,,,
odious.supplies,available,52,2%,6,"Entertainment,Humanities",,,
ninetysix.supplies,available,52,4%,10,Mathematics,,,
lxxi.supplies,available,52,1%,4,Mathematics,,,
lxi.supplies,available,52,5%,3,Mathematics,,,
tierce.supplies,available,52,3%,6,General,,,
acerbic.supplies,available,50,2%,7,"Arts,Humanities,Media",,,
acapnic.supplies,available,50,0%,7,"Healthcare,Medicine,Science",,,
acellular.supplies,available,50,1%,9,Science,,,
acapnotic.supplies,available,50,0%,9,"Healthcare,Medicine,Science",,,
acquitted.supplies,available,50,1%,9,Law,,,
acaudal.supplies,available,50,1%,7,"Agriculture,Science",,,
aculeated.supplies,available,50,0%,9,"Engineering,Medicine,Science",,,
acerose.supplies,available,50,1%,7,Science,,,
lxx.supplies,available,50,5%,3,Mathematics,,,
gillless.supplies,available,50,0%,9,Science,,,
acetose.supplies,available,50,1%,7,Science,,,
abranchial.supplies,available,50,0%,10,Science,,,
abbatial.supplies,available,50,0%,8,Religion,,,
adactylous.supplies,available,50,0%,10,Science,,,
vinegary.supplies,available,50,1%,8,Food and Beverage,,,
cinque.supplies,available,50,7%,6,Mathematics,,,
trine.supplies,available,50,11%,5,"General,Religion",,,
acetous.supplies,available,50,1%,7,Science,,,
abdicable.supplies,available,50,0%,9,Law,,,
needlelike.supplies,available,50,0%,10,"Engineering,Medicine,Science",,,
spinous.supplies,available,50,1%,7,"Agriculture,Science",,,
broached.supplies,available,50,0%,8,Food and Beverage,,,
scummy.supplies,available,50,1%,6,Humanities,,,
abducting.supplies,available,50,0%,9,Medicine,,,
acerb.supplies,available,50,2%,5,Science,,,
abomasal.supplies,available,50,0%,8,Agriculture,,,
aborticide.supplies,available,50,0%,10,Medicine,,,
triplet.supplies,available,50,8%,7,Science,,,
abactinal.supplies,available,50,0%,9,Science,,,
ogdoad.supplies,available,50,1%,6,Mathematics,,,
quint.supplies,available,50,13%,5,"Arts,Entertainment",,,
adhominem.supplies,available,50,2%,10,"Humanities,Law,Politics",,,
abyssal.supplies,available,48,12%,7,"Arts,Entertainment,Media",,,
apriori.supplies,available,48,13%,8,Mathematics,,,
abstracted.supplies,available,48,5%,10,"Arts,Humanities,Science",,,
notguilty.supplies,available,48,5%,10,Law,,,
ilxxx.supplies,available,48,1%,5,Mathematics,,,
execrable.supplies,available,48,0%,9,"Entertainment,Humanities",,,
lxxxviii.supplies,available,48,1%,8,Mathematics,,,
ilxx.supplies,available,48,1%,4,Mathematics,,,
stripling.supplies,available,46,2%,9,"Education,Entertainment,Healthcare",,,
acetonic.supplies,available,46,1%,8,Science,,,
acetabular.supplies,available,46,1%,10,Science,,,
acetylic.supplies,available,46,1%,8,Science,,,
achenial.supplies,available,46,1%,8,Science,,,
acicular.supplies,available,46,2%,8,Science,,,
acephalous.supplies,available,46,1%,10,Science,,,
acetylenic.supplies,available,46,1%,10,Science,,,
acaudate.supplies,available,46,1%,8,"Agriculture,Science",,,
achromous.supplies,available,46,1%,9,Science,,,
achromic.supplies,available,46,2%,8,Science,,,
acanthoid.supplies,available,46,1%,9,"Agriculture,Science",,,
acarpous.supplies,available,46,0%,8,"Agriculture,Science",,,
theabsurd.supplies,available,46,1%,10,"Arts,Entertainment,Media",,,
stemless.supplies,available,46,2%,8,"Agriculture,Science",,,
acanthotic.supplies,available,46,0%,10,"Agriculture,Science",,,
cotyloid.supplies,available,46,1%,8,Science,,,
acapnial.supplies,available,46,0%,8,"Healthcare,Medicine,Science",,,
vinegarish.supplies,available,46,1%,10,Food and Beverage,,,
acarpelous.supplies,available,46,0%,10,"Agriculture,Science",,,
quaternary.supplies,available,46,3%,10,Mathematics,,,
acanthous.supplies,available,46,0%,9,"Agriculture,Science",,,
acheronian.supplies,available,46,1%,10,Humanities,,,
acherontic.supplies,available,44,1%,10,Humanities,,,
cotyloidal.supplies,available,44,1%,10,Science,,,
accusatory.supplies,available,44,1%,10,Law,,,
phoebe.supplies,available,41,14%,6,Science,,,
abscessed.supplies,available,41,0%,9,Healthcare,,,
accurst.supplies,available,40,1%,7,Religion,,,
accusive.supplies,available,40,1%,8,Law,,,
scurrilous.supplies,available,40,1%,10,"Entertainment,Media,Politics",,,